Workbook

Sheet CLAIMS
B1: Date | C1: Customer | D1: Model | E1: Chassis | F1: Part No. | G1: Description | H1: Qty | I1: Lot affected | J1: Reason Code | K1: CATEGORY | L1: RCA | M1: MMO PO | N1: EST. COST | O1: CORRECT COST | P1: Claim/Order Date | Q1: OEM Response | R1: OEM Remarks | S1: OEM Packing date | T1: Sea/ flight Detail | U1: ETA-Kenya | V1: ETA-AVA | W1: Receiving Date | X1: Qty | Y1: Process aging | Z1: Rework date | AA1: Status | AB1: Remark
A2: 1 | B2: 45121 | C2: Seal | D2: P440 | E2: 4042392, 4042395, 4042399,4042401,4042403,4042404, 4042405, 4042406, 4042407 | F2: 2673171 | G2: Grommet Lamp Guard | H2: 36 | I2: Ket013/23 | J2: Manufacturer Error | K2: KDQR | M2: N/A | P2: 45181 | Q2: Accepted | W2: 45306 | X2: 1 | Y2: =IF(P2="","",IF(W2="",TODAY()-P2,W2-P2)) -> 125
A3: 2 | B3: 45131 | C3: Toyota | D3: Hilux | E3: N/A | F3: 56101-0kp40 | G3: Glass sub assy, windsheld | H3: 1 | I3: FY010 | J3: Manufacturer Error | K3: KDQR | M3: N/A | P3: 45181 | W3: 45155 | X3: 1 | Y3: =IF(P3="","",IF(W3="",TODAY()-P3,W3-P3)) -> -26
A4: 3 | B4: 45131 | C4: Toyota | D4: Hilux | E4: N/A | F4: 16711-0l180 | G4: Shroud Fan | H4: 1 | I4: FX007 | J4: Wrong Shipment | K4: KDQR | M4: N/A | P4: 45181 | W4: 45155 | X4: 5 | Y4: =IF(P4="","",IF(W4="",TODAY()-P4,W4-P4)) -> -26
A5: 4 | B5: 45131 | C5: Toyota | D5: Hilux | E5: N/A | F5: 67914-kk020 | G5: Plate Door Scuff, LH | H5: 5 | I5: FX007 | J5: Short Shipment | K5: KDQR | M5: N/A | P5: 45181 | W5: 45131 | Y5: =IF(P5="","",IF(W5="",TODAY()-P5,W5-P5)) -> -50
A6: 5 | B6: 45131 | C6: Toyota | D6: Hilux | E6: N/A | F6: 90159-T0037 | G6: Screw w/washer | H6: 60 | I6: Fw6,8,9, Fy4,5,7 | J6: Short Shipment | K6: KDQR | M6: N/A | P6: 45188 | W6: 45173 | X6: 500 | Y6: =IF(P6="","",IF(W6="",TODAY()-P6,W6-P6)) -> -15
A7: 6 | B7: 45131 | C7: Toyota | D7: Hilux | E7: N/A | F7: 90119-T0126 | G7: Bolt W/Washer | H7: 500 | I7: Fw6,8,9, Fy4,5,7 | J7: Short Shipment | K7: KDQR | M7: N/A | P7: 45191 | W7: 45426 | X7: 4 | Y7: =IF(P7="","",IF(W7="",TODAY()-P7,W7-P7)) -> 235 | AB7: Bal 116
A8: 7 | B8: 45131 | C8: Toyota | D8: Hilux | E8: N/A | F8: 90119-T0141 | G8: Bolt W/Washer | H8: 120 | I8: Fw6,8,9, Fy4,5,7 | J8: Manufacturer Error | K8: KDQR | M8: N/A | P8: 45191 | W8: =VLOOKUP(#REF!, 'STORE ITEMS'!$C$2:F$1000, 4, FALSE) -> #REF! | Y8: =IF(P8="","",IF(W8="",TODAY()-P8,W8-P8)) -> #REF!
A9: 8 | B9: 45131 | C9: Toyota | D9: Hilux | E9: N/A | F9: 55522-0k010 | G9: f786 | H9: 2 | I9: Fw009 | J9: Wrong Shipment | K9: KDQR | M9: N/A | P9: 45191 | Y9: =IF(P9="","",IF(W9="",TODAY()-P9,W9-P9)) -> 395
A10: 9 | B10: 45125 | C10: Toyota | D10: Hilux | E10: N/A | F10: 55406-kk150 co | G10: Panelsub- Assy Instr lwctr | H10: 5 | I10: Fw008 | J10: Wrong Shipment | K10: KDQR | M10: N/A | P10: 45244 | W10: 45308 | X10: 16 | Y10: =IF(P10="","",IF(W10="",TODAY()-P10,W10-P10)) -> 64
A11: 10 | B11: 45237 | C11: Scm | D11: 9016 | E11: JL0904 | F11: F3205710 | G11: CONTROL ROD | H11: 16 | I11: LK115 | J11: Short Shipment | K11: KDQR | M11: N/A | P11: 45191 | W11: 45561 | Y11: =IF(P11="","",IF(W11="",TODAY()-P11,W11-P11)) -> 370
A12: 11 | B12: 45128 | C12: Seal | D12: Scania | E12: 4043325 | F12: 2773351 | G12: Reignforcement Bracket | H12: 2 | I12: Keb002/23 | J12: Line Damage | K12: MMO | M12: PCM-000033 | P12: 45133 | W12: 45257 | X12: 1 | Y12: =IF(P12="","",IF(W12="",TODAY()-P12,W12-P12)) -> 124
A13: 12 | B13: 45133 | C13: Toyota | D13: VDJ | E13: 7740302 | F13: 51741-60060 | G13: BRACKET, RR BODY MOUNTING, NO.1 | H13: 1 | I13: GF067 | J13: Line Damage | K13: MMO | M13: PCM-000033 | P13: 45133 | W13: 45257 | X13: 1 | Y13: =IF(P13="","",IF(W13="",TODAY()-P13,W13-P13)) -> 124
A14: 13 | B14: 45133 | C14: Toyota | D14: VDJ | E14: 7740301 | F14: 51744-60020 | G14: cROSSMEMBER SUB-ASSY, FRAME, RR | H14: 1 | I14: GF067 | J14: Line Damage | K14: MMO | M14: PCM-000033 | P14: 45133 | W14: 45257 | X14: 1 | Y14: =IF(P14="","",IF(W14="",TODAY()-P14,W14-P14)) -> 124
A15: 14 | B15: 45133 | C15: Toyota | D15: VDJ | E15: 7740300 | F15: 51701-60070 | G15: BRACKET SUB-ASSY, CAB FR MOUNTING, RH | H15: 1 | I15: GF067 | J15: Line Damage | K15: MMO | M15: PCM-000033 | P15: 45133 | W15: 45257 | X15: 2 | Y15: =IF(P15="","",IF(W15="",TODAY()-P15,W15-P15)) -> 124
A16: 15 | B16: 45133 | C16: Toyota | D16: VDJ | E16: 7740301 | F16: 51763-60010 | G16: BRACKET, BODY SUPPORT, NO.6 | H16: 1 | I16: GF067 | J16: Line Damage | K16: MMO | M16: PCM-000033 | P16: 45133 | W16: 45257 | X16: 1 | Y16: =IF(P16="","",IF(W16="",TODAY()-P16,W16-P16)) -> 124
A17: 16 | B17: 45133 | C17: Toyota | D17: VDJ | E17: 7740301 | F17: 51209-60081 | G17: CROSSMEMBER SUB-ASSY, FRAME, RR | H17: 1 | I17: GF067 | J17: Line Damage | K17: MMO | P17: 45167 | W17: 45257 | X17: 2 | Y17: =IF(P17="","",IF(W17="",TODAY()-P17,W17-P17)) -> 90
A18: 17 | B18: 45133 | C18: Toyota | D18: Hiace | E18: N/A | F18: 41991-60061 | G18: Differential Lock System Operation | H18: 1 | I18: N/A | J18: Wrong Shipment | K18: KDQR | M18: N/A | P18: 45244 | W18: 45308 | X18: 16 | Y18: =IF(P18="","",IF(W18="",TODAY()-P18,W18-P18)) -> 64
A19: 18 | B19: 45237 | C19: Scm | D19: 9016 | E19: JL0904 | F19: F1700900 | G19: SA OF BALL JOINT | H19: 16 | I19: LK115 | J19: Manufacturer Error | K19: KDQR | M19: N/A | P19: 45244 | W19: 45308 | X19: 16 | Y19: =IF(P19="","",IF(W19="",TODAY()-P19,W19-P19)) -> 64
A20: 19 | B20: 45237 | C20: Scm | D20: 9016 | E20: JL0907 | F20: B2034307 | G20: S/A BALL JOINT | H20: 16 | I20: LK115 | J20: Manufacturer Error | K20: KDQR | M20: N/A | P20: 45244 | W20: 45308 | X20: 1 | Y20: =IF(P20="","",IF(W20="",TODAY()-P20,W20-P20)) -> 64
A21: 20 | B21: 45238 | C21: Scm | D21: 9016 | E21: JL0913 | F21: B1211616 | G21: DAT TANK | H21: 1 | I21: LK115 | J21: Short Shipment | K21: KDQR | M21: N/A | P21: 45205 | W21: 45147 | X21: 12 | Y21: =IF(P21="","",IF(W21="",TODAY()-P21,W21-P21)) -> -58
A22: 21 | B22: 45128 | C22: Seal | D22: Scania | E22: N/A | F22: 816102 | G22: Press Screw M12 | H22: 6 | I22: Keb1 | J22: Short Shipment | K22: KDQR | M22: N/A | P22: 45205 | W22: 45377 | X22: 1 | Y22: =IF(P22="","",IF(W22="",TODAY()-P22,W22-P22)) -> 172
A23: 22 | B23: 45138 | C23: Toyota | D23: Hilux | E23: 5634441/5634354 | F23: 69090-0k080 | G23: HANDLE ASSY BACK OUTSIDE | H23: 2 | I23: EZ2 | J23: Line Loss | K23: MMO | M23: PCM-000036 | P23: 45205 | W23: 45184 | X23: 16 | Y23: =IF(P23="","",IF(W23="",TODAY()-P23,W23-P23)) -> -21
A24: 23 | B24: 45138 | C24: Toyota | D24: Hilux | E24: 5634441 | F24: 67861-0k151 | G24: WEATHERSTRIP FR DOOR RH | H24: 1 | I24: EZ5 | J24: Line Loss | K24: MMO | M24: PCM-000036 | N24: 20.84 | P24: 45222 | W24: 45180 | X24: 1 | Y24: =IF(P24="","",IF(W24="",TODAY()-P24,W24-P24)) -> -42
A25: 24 | B25: 45138 | C25: Toyota | D25: Hilux | E25: 5634441 | F25: 52110-0k0580-B1 | G25: BUMPER ASSY FR | H25: 1 | I25: EZ5 | J25: Line Loss | K25: MMO | M25: PCM-000036 | P25: 45142 | W25: 45184 | X25: 16 | Y25: =IF(P25="","",IF(W25="",TODAY()-P25,W25-P25)) -> 42
A26: 25 | B26: 45138 | C26: Toyota | D26: Hilux | E26: 5634441 | F26: 52163-0K040 | G26: PLATE RR BUMBER RH | H26: 3 | I26: EZ5 | J26: Line Loss | K26: MMO | M26: PCM-000036 | N26: 14.37 | P26: 45142 | W26: 45180 | X26: 4 | Y26: =IF(P26="","",IF(W26="",TODAY()-P26,W26-P26)) -> 38
A27: 26 | B27: 45138 | C27: Toyota | D27: Hilux | E27: 5634441 | F27: 71003-0K851-C1 | G27: FR SEAT SET,LH | H27: 1 | I27: EZ5 | J27: Line Loss | K27: MMO | M27: PCM-000036 | N27: 1114.13 | P27: 45142 | W27: 45180 | X27: 1 | Y27: =IF(P27="","",IF(W27="",TODAY()-P27,W27-P27)) -> 38
A28: 27 | B28: 45138 | C28: Toyota | D28: Hilux | E28: 6234618 | F28: 67491-KK020 | G28: GARNISH FR DOOR RH | H28: 1 | I28: DK6 | J28: Line Loss | K28: MMO | M28: PCM-000037 | N28: 3.69 | P28: 45142 | W28: 44988 | Y28: =IF(P28="","",IF(W28="",TODAY()-P28,W28-P28)) -> -154
A29: 28 | B29: 45138 | C29: Toyota | D29: Hilux | E29: 6234618 | F29: 74250-0K200 | G29: ARMREST ASSY DOOR RH | H29: 1 | I29: DK6 | J29: Line Loss | K29: MMO | M29: PCM-000037 | N29: 18.12 | P29: 45142 | Y29: =IF(P29="","",IF(W29="",TODAY()-P29,W29-P29)) -> 444
A30: 29 | B30: 45138 | C30: Toyota | D30: Hilux | E30: 6234618 | F30: 53100-0KK00 | G30: GRILLE ASSY RADIATOR | H30: 1 | I30: DK6 | J30: Line Loss | K30: MMO | M30: PCM-000037 | N30: 353.43 | P30: 45142 | W30: 45184 | Y30: =IF(P30="","",IF(W30="",TODAY()-P30,W30-P30)) -> 42
A31: 30 | B31: 45138 | C31: Toyota | D31: Hilux | E31: 6234618 | F31: 71003-0KA52 | G31: FR SEAT SET,LH | H31: 1 | I31: DK6 | J31: Line Loss | K31: MMO | M31: PCM-000037 | P31: 45142 | W31: 45180 | X31: 1 | Y31: =IF(P31="","",IF(W31="",TODAY()-P31,W31-P31)) -> 38
A32: 31 | B32: 45138 | C32: Toyota | D32: Hilux | E32: 6234618 | F32: 53117-0K130 | G32: RETAINER, RADIATOR GRILLE, NO.1 | H32: 4 | I32: DK6 | J32: Line Loss | K32: MMO | M32: PCM-000037 | N32: 25.04 | P32: 45142 | Y32: =IF(P32="","",IF(W32="",TODAY()-P32,W32-P32)) -> 444
A33: 32 | B33: 45138 | C33: Toyota | D33: Hilux | E33: 6234618 | F33: 69284-0K040 | G33: PLUG, DOOR INSIDE HANDLE BEZEL, LH | H33: 1 | I33: DK6 | J33: Line Loss | K33: MMO | M33: PCM-000037 | P33: 45142 | Y33: =IF(P33="","",IF(W33="",TODAY()-P33,W33-P33)) -> 444
A34: 33 | B34: 45138 | C34: Toyota | D34: Hilux | E34: 5633893 | F34: 90333-01009 | G34: PLUG PLATE | H34: 4 | I34: CZ3 | J34: Line Loss | K34: MMO | M34: PCM-000025 | P34: 45142 | W34: 45098 | X34: 200 | Y34: =IF(P34="","",IF(W34="",TODAY()-P34,W34-P34)) -> -44
A35: 34 | B35: 45138 | C35: Toyota | D35: Hilux | E35: 5762959 | G35: HOOK BODY ASSY RR(WHITE) | H35: 1 | I35: DL13 | J35: Line Loss | K35: MMO | M35: PCM-000038 | P35: 45142 | Y35: =IF(P35="","",IF(W35="",TODAY()-P35,W35-P35)) -> 444
A36: 35 | B36: 45138 | C36: Toyota | D36: Hilux | E36: 5762959 | F36: 53117-0K050 | G36: RETAINER RADIATOR GRILLE NO.1 | H36: 2 | I36: DL13 | J36: Line Loss | K36: MMO | M36: PCM-000038 | N36: 14.74 | P36: 45142 | W36: 45180 | X36: 2 | Y36: =IF(P36="","",IF(W36="",TODAY()-P36,W36-P36)) -> 38
A37: 36 | B37: 45138 | C37: Toyota | D37: Hilux | E37: 5762959 | F37: 53115-0K090 | G37: BRACKET RADIATOR GRILLE | H37: 1 | I37: DL13 | J37: Line Loss | K37: MMO | M37: PCM-000038 | N37: 1.21 | P37: 45142 | W37: 45184 | X37: 1 | Y37: =IF(P37="","",IF(W37="",TODAY()-P37,W37-P37)) -> 42
A38: 37 | B38: 45138 | C38: Toyota | D38: Hilux | E38: 5762959/5763027/5633941 | G38: REAR AXLE GROMMET | H38: 20 | I38: DL13,FY1,DC14 | J38: Short Shipment | K38: KDQR | M38: N/A | P38: 45142 | Y38: =IF(P38="","",IF(W38="",TODAY()-P38,W38-P38)) -> 444
A39: 38 | B39: 45138 | C39: Toyota | D39: Hilux | E39: 5763027 | G39: FUEL FLAP GROMMET | H39: 4 | I39: FY1 | J39: Line Loss | K39: MMO | M39: PCM-000042 | P39: 45142 | Y39: =IF(P39="","",IF(W39="",TODAY()-P39,W39-P39)) -> 444
A40: 39 | B40: 45138 | C40: Toyota | D40: Hilux | E40: 5634354 | F40: 90119-T0220 | G40: BOLT W/WASHER | H40: 4 | I40: EZ2 | J40: Line Loss | K40: MMO | M40: PCM-000043 | N40: 0.13 | P40: 45142 | W40: 45155 | Y40: =IF(P40="","",IF(W40="",TODAY()-P40,W40-P40)) -> 13
A41: 40 | B41: 45138 | C41: Toyota | D41: Hilux | E41: 5634354 | F41: 69005-0KB40 | G41: CYLINDER KEYSET TAILGATE | H41: 1 | I41: EZ2 | J41: Line Loss | K41: MMO | M41: PCM-000044 | P41: 45142 | W41: 45306 | Y41: =IF(P41="","",IF(W41="",TODAY()-P41,W41-P41)) -> 164
A42: 41 | B42: 45138 | C42: Toyota | D42: Hilux | E42: 5632234 | G42: RH RR WHEEL HOUSING BRACKET | H42: 1 | I42: DB005 | J42: Line Loss | K42: MMO | P42: 45142 | W42: 45155 | Y42: =IF(P42="","",IF(W42="",TODAY()-P42,W42-P42)) -> 13
A43: 42 | B43: 45138 | C43: Toyota | D43: Hilux | E43: 6244026 | F43: 52152-0K080 | G43: RR BUMPER ASSY | H43: 1 | I43: FH001 | J43: Line Loss | K43: MMO | P43: 45142 | W43: 45155 | X43: 1 | Y43: =IF(P43="","",IF(W43="",TODAY()-P43,W43-P43)) -> 13
A44: 43 | B44: 45138 | C44: Toyota | D44: Hilux | E44: 5763027 | G44: HOOK BODY ASSY RR(OXIDE BRONZE) | H44: 1 | I44: FY1 | J44: Line Loss | K44: MMO | P44: 45142 | Y44: =IF(P44="","",IF(W44="",TODAY()-P44,W44-P44)) -> 444
A45: 44 | B45: 45138 | C45: Toyota | D45: Fortuner | E45: AHTDB3F5800248294 | F45: 44410-0k290 | G45: Tube Assy Pressure Feed | H45: 1 | I45: AJ004 | J45: Wrong Shipment | K45: KDQR | M45: N/A | P45: 45167 | W45: 45183 | X45: 1 | Y45: =IF(P45="","",IF(W45="",TODAY()-P45,W45-P45)) -> 16
A46: 45 | B46: 45138 | C46: Toyota | D46: Fortuner | E46: AHTDB3F5800248292 | F46: 44410-0k290 | G46: Tube Assy Pressure Feed | H46: 1 | I46: AJ004 | J46: Wrong Shipment | K46: KDQR | M46: N/A | P46: 45167 | W46: 45183 | X46: 1 | Y46: =IF(P46="","",IF(W46="",TODAY()-P46,W46-P46)) -> 16
A47: 46 | B47: 45138 | C47: Toyota | D47: Hilux | E47: N/A | F47: 48190-0k050 | G47: Cam Assy , camber Adjust | H47: 1 | I47: FY06 | J47: Wrong Shipment | K47: KDQR | M47: N/A | P47: 45148 | W47: 45155 | X47: 1 | Y47: =IF(P47="","",IF(W47="",TODAY()-P47,W47-P47)) -> 7
A48: 47 | B48: 45138 | C48: Toyota | D48: Hilux | E48: N/A | F48: 48304-0k041 | G48: Bumper Sub Assy FR Spring | H48: 1 | I48: FY06 | J48: Line Damage | K48: MMO | P48: 45167 | W48: 45306 | X48: 1 | Y48: =IF(P48="","",IF(W48="",TODAY()-P48,W48-P48)) -> 139
A49: 48 | B49: 45138 | C49: Toyota | D49: Hilux | E49: N/A | F49: 48810-0k010 | G49: Link Assy FR Stabilizer LH | H49: 5 | I49: FY06 | J49: Wrong Shipment | K49: KDQR | M49: N/A | P49: 45148 | W49: 45155 | X49: 10 | Y49: =IF(P49="","",IF(W49="",TODAY()-P49,W49-P49)) -> 7 | AB49: excess 5
A50: 49 | B50: 45138 | C50: Toyota | D50: Hilux | E50: Full Lot | F50: 65638-0K090 | G50: Liner RR Wheel House LH | H50: 5 | I50: FY08 | J50: Wrong Shipment | K50: MMO | P50: 45138 | W50: 45155 | X50: 5 | Y50: =IF(P50="","",IF(W50="",TODAY()-P50,W50-P50)) -> 17
A51: 50 | B51: 45138 | C51: Toyota | D51: Hilux | E51: 5763139 | F51: 71003-0K085 | G51: Co- driver Seat | H51: 1 | I51: FY08 | J51: Line Damage | K51: MMO | M51: N/A | P51: 45148 | Y51: =IF(P51="","",IF(W51="",TODAY()-P51,W51-P51)) -> 438
A52: 51 | B52: 45138 | C52: Toyota | D52: Hilux | E52: 94196 | F52: 90950-f1005 | G52: Plug Hole(buffer) | H52: 60 | I52: EH01, EK02 | J52: Short Shipment | K52: KDQR | M52: N/A | P52: 45148 | W52: 45155 | X52: 60 | Y52: =IF(P52="","",IF(W52="",TODAY()-P52,W52-P52)) -> 7
A53: 52 | B53: 45138 | C53: Toyota | D53: Hilux | E53: 94196 | F53: 90950-f1001 | G53: Plug Hole(buffer) | H53: 120 | I53: EK03,FY11 | J53: Short Shipment | K53: KDQR | M53: N/A | P53: 45148 | W53: 45245 | X53: =120+100+500 -> 720 | Y53: =IF(P53="","",IF(W53="",TODAY()-P53,W53-P53)) -> 97
A54: 53 | B54: 45138 | C54: Toyota | D54: Hilux | E54: 94196 | F54: 90950-f1003 | G54: Plug Hole(buffer) | H54: 30 | I54: FW12,FW10 | J54: Short Shipment | K54: KDQR | M54: N/A | P54: 45148 | W54: 45155 | X54: 30 | Y54: =IF(P54="","",IF(W54="",TODAY()-P54,W54-P54)) -> 7
A55: 54 | B55: 45138 | C55: Seal | D55: Scania | E55: 4.7347448e+17 | F55: 2668247 | G55: Mudguard | H55: 6 | I55: Ket08/23 | J55: Short Shipment | K55: KDQR | M55: N/A | P55: 45138 | W55: 45377 | Y55: =IF(P55="","",IF(W55="",TODAY()-P55,W55-P55)) -> 239
A56: 55 | B56: 45138 | C56: Seal | D56: Scania | E56: N/A | F56: 2354275 | G56: Fuel Filter | H56: 1 | I56: Ket08/23 | J56: Short Shipment | K56: KDQR | M56: N/A | P56: 45138 | W56: 45377 | Y56: =IF(P56="","",IF(W56="",TODAY()-P56,W56-P56)) -> 239
A57: 56 | B57: 45139 | C57: Tata | D57: Daewoo | E57: K000048 | F57: 8382000630 | G57: LAMP A-FRT COMBINATION LH | H57: 3 | I57: 1 | J57: Line Loss | K57: MMO | M57: PCM-000064 | P57: 45139 | W57: 45217 | X57: 3 | Y57: =IF(P57="","",IF(W57="",TODAY()-P57,W57-P57)) -> 78
A58: 57 | B58: 45139 | C58: Tata | D58: Daewoo | E58: K000048 | F58: 3411300190 | G58: LOCK PLATE | H58: 1 | I58: 1 | J58: Line Loss | K58: MMO | M58: PCM-000064 | P58: 45139 | Y58: =IF(P58="","",IF(W58="",TODAY()-P58,W58-P58)) -> 447
A59: 58 | B59: 45139 | C59: Tata | D59: Daewoo | E59: K000048 | G59: WARNING STICKERS | H59: 1 | I59: 2206-2 | J59: Line Loss | K59: MMO | M59: PCM-000064 | P59: 45139 | Y59: =IF(P59="","",IF(W59="",TODAY()-P59,W59-P59)) -> 447
A60: 59 | B60: 45139 | C60: Tata | D60: Daewoo | E60: K000048 | F60: 354100410 | G60: MOTOR WIPER | H60: 1 | I60: 2206-2 | J60: Line Loss | K60: MMO | M60: PCM-000064 | P60: 45139 | W60: 45217 | Y60: =IF(P60="","",IF(W60="",TODAY()-P60,W60-P60)) -> 78
A61: 60 | B61: 45139 | C61: Tata | D61: Daewoo | E61: K000048 | F61: 3722100030 | G61: HEAD LINING | H61: 3 | I61: 2206-2 | J61: Line Damage | K61: MMO | M61: PCM-000064 | P61: 45139 | Y61: =IF(P61="","",IF(W61="",TODAY()-P61,W61-P61)) -> 447
A62: 61 | B62: 45139 | C62: Tata | D62: Daewoo | E62: K000048 | F62: 354100AD | G62: RELEASE CABLE A FRT LID | H62: 1 | I62: 2206-2 | J62: Line Loss | K62: MMO | M62: PCM-000064 | P62: 45139 | W62: 45217 | X62: 1 | Y62: =IF(P62="","",IF(W62="",TODAY()-P62,W62-P62)) -> 78
A63: 62 | B63: 45139 | C63: Tata | D63: Daewoo | E63: K000060 | F63: 9051210608 | G63: HEX SCREW | H63: 20 | I63: 2207-1 | J63: Line Loss | K63: MMO | M63: PCM-000064 | P63: 45139 | Y63: =IF(P63="","",IF(W63="",TODAY()-P63,W63-P63)) -> 447
A64: 63 | B64: 45139 | C64: Tata | D64: Daewoo | E64: K000060 | F64: P3431000140 | G64: STEERING HOUSING COLUMN | H64: 1 | I64: 2207-1 | J64: Line Loss | K64: MMO | M64: PCM-000064 | P64: 45139 | Y64: =IF(P64="","",IF(W64="",TODAY()-P64,W64-P64)) -> 447
A65: 64 | B65: 45139 | C65: Tata | D65: Daewoo | E65: K000047 | F65: 3752100610 | G65: GLASS SUB ASM - GLASS RH | H65: 1 | I65: 2206-2 | J65: Line Loss | K65: MMO | M65: PCM-000064 | P65: 45139 | Y65: =IF(P65="","",IF(W65="",TODAY()-P65,W65-P65)) -> 447
A66: 65 | B66: 45139 | C66: Tata | D66: Daewoo | E66: K000038 | F66: CHILD PART | G66: ALTERNATOR | H66: 1 | I66: 2206-2 | J66: Line Loss | K66: MMO | M66: PCM-000064 | P66: 45139 | W66: 45217 | X66: 1 | Y66: =IF(P66="","",IF(W66="",TODAY()-P66,W66-P66)) -> 78
A67: 66 | B67: 45145 | C67: Seal | D67: Scania Truck | E67: 4044660 | F67: for Antenna housing | G67: Locking Plate & Nut | H67: 1 | I67: Ket20/23 | J67: Short Shipment | K67: KDQR | M67: N/A | P67: 45145 | W67: 45377 | Y67: =IF(P67="","",IF(W67="",TODAY()-P67,W67-P67)) -> 232
A68: 67 | B68: 45145 | C68: Toyota | D68: VDJ | E68: 7740283 | G68: 4WD Sticker | H68: 1 | I68: GF067 | J68: Line Damage | K68: MMO | P68: 45148 | Y68: =IF(P68="","",IF(W68="",TODAY()-P68,W68-P68)) -> 438
A69: 68 | B69: 45238 | C69: Scm | D69: 9016 | F69: F3565910 | G69: Special Screw dan Head Torx | H69: 12 | I69: LK115 | J69: Short Shipment | K69: KDQR | M69: N/A | P69: 45244 | W69: 45308 | X69: 12 | Y69: =IF(P69="","",IF(W69="",TODAY()-P69,W69-P69)) -> 64
A70: 69 | B70: 45145 | C70: Toyota | D70: Hilux | E70: 34867 | F70: 31380-kk120 | G70: Support Assy Clutch Pedal | H70: 1 | I70: FB02 | J70: Pack Damage | K70: KDQR | M70: N/A | P70: 45148 | W70: 45234 | X70: 1 | Y70: =IF(P70="","",IF(W70="",TODAY()-P70,W70-P70)) -> 86 | AB70: ISSUED TO WANGARE 27/11/23
A71: 70 | B71: 45145 | C71: Toyota | D71: Hilux | E71: 63187 | F71: 88310-0kb60 | G71: Compressor Assy w/magnet clutch | H71: 1 | I71: FY08 | J71: Line Damage | K71: MMO | P71: 45153 | W71: 45306 | X71: 16 | Y71: =IF(P71="","",IF(W71="",TODAY()-P71,W71-P71)) -> 153
A72: 71 | B72: 45145 | C72: Seal | D72: Scania | E72: 3209 | F72: child Part | G72: Frt Axle | H72: 1 | P72: 45145 | W72: 45377 | X72: 1 | Y72: =IF(P72="","",IF(W72="",TODAY()-P72,W72-P72)) -> 232
A73: 72 | B73: 45146 | C73: Toyota | D73: Hino FMA1 | E73: N/A | F73: SZ950-41261 | G73: PLUG HOLE | H73: 4 | I73: Pilot | J73: Line Loss | K73: MMO | M73: PCM-000046 | P73: 45155 | W73: 45191 | X73: 16 | Y73: =IF(P73="","",IF(W73="",TODAY()-P73,W73-P73)) -> 36
A74: 73 | B74: 45146 | C74: Toyota | D74: Hino FMA1 | E74: N/A | F74: S170H-E0020 | G74: CLIP SUB-ASSY, PIPE | H74: 2 | I74: Pilot | J74: Line Loss | K74: MMO | M74: PCM-000046 | P74: 45181 | W74: 45191 | X74: 4 | Y74: =IF(P74="","",IF(W74="",TODAY()-P74,W74-P74)) -> 10
A75: 74 | B75: 45146 | C75: Toyota | D75: Hino FMA1 | E75: N/A | F75: S4701-E0U20 | G75: BRACKET SUB-ASSY, TUBE CLIP | H75: 2 | I75: Pilot | J75: Line Loss | K75: MMO | M75: PCM-000046 | P75: 45181 | W75: 45191 | X75: 1 | Y75: =IF(P75="","",IF(W75="",TODAY()-P75,W75-P75)) -> 10
A76: 75 | B76: 45146 | C76: Toyota | D76: Hino FMA1 | E76: N/A | F76: 91551-80816 | G76: BOLT, FLANGE | H76: 2 | I76: Pilot | J76: Line Loss | K76: MMO | M76: PCM-000046 | P76: 45181 | W76: 45226 | X76: 2 | Y76: =IF(P76="","",IF(W76="",TODAY()-P76,W76-P76)) -> 45
A77: 76 | B77: 45146 | C77: Toyota | D77: Hino FMA1 | E77: N/A | F77: SL621-01633 | G77: WASHER,PLAIN | H77: 8 | I77: Pilot | J77: Line Loss | K77: MMO | M77: PCM-000046 | P77: 45181 | W77: 45191 | Y77: =IF(P77="","",IF(W77="",TODAY()-P77,W77-P77)) -> 10
A78: 77 | B78: 45146 | C78: Toyota | D78: Hino FMA1 | E78: N/A | F78: 82715-E3B50 | G78: BRACKET, WIRING HARNESS CLAMP | H78: 2 | I78: Pilot | J78: Line Loss | K78: MMO | M78: PCM-000046 | P78: 45181 | W78: 45226 | Y78: =IF(P78="","",IF(W78="",TODAY()-P78,W78-P78)) -> 45
A79: 78 | B79: 45146 | C79: Toyota | D79: Hino FMA1 | E79: N/A | F79: 94151-80800 | G79: NUT, FLANGE | H79: 2 | I79: Pilot | J79: Line Loss | K79: MMO | M79: PCM-000046 | P79: 45188 | W79: 45226 | Y79: =IF(P79="","",IF(W79="",TODAY()-P79,W79-P79)) -> 38
A80: 79 | B80: 45146 | C80: Toyota | D80: Hiace | E80: 6980227 | F80: 74451-10010 | G80: Bolt, Battery Clamp | H80: 1 | I80: GH228 | J80: Line Damage | K80: MMO | M80: PCM-000041 | P80: 45191 | W80: 45362 | X80: 2 | Y80: =IF(P80="","",IF(W80="",TODAY()-P80,W80-P80)) -> 171
A81: 80 | B81: 45146 | C81: Toyota | D81: Hiace | E81: 6980227 | F81: 90119-06983 | G81: Bolt, W/washer | H81: 1 | I81: GH228 | J81: Line Damage | K81: MMO | M81: PCM-000041 | P81: 45191 | W81: 45362 | X81: 1 | Y81: =IF(P81="","",IF(W81="",TODAY()-P81,W81-P81)) -> 171
A82: 81 | B82: 45146 | C82: Toyota | D82: Hiace | E82: 6980227 | F82: 90179-06146 | G82: Nut | H82: 1 | I82: GH228 | J82: Line Damage | K82: MMO | M82: PCM-000041 | P82: 45191 | W82: 45362 | X82: 1 | Y82: =IF(P82="","",IF(W82="",TODAY()-P82,W82-P82)) -> 171
A83: 82 | B83: 45146 | C83: Toyota | D83: Hiace | E83: 6980227 | F83: 74404-26110 | G83: Clamp sub assy,Battery | H83: 1 | I83: GH228 | J83: Line Damage | K83: MMO | M83: PCM-000041 | P83: 45191 | W83: 45362 | Y83: =IF(P83="","",IF(W83="",TODAY()-P83,W83-P83)) -> 171
A84: 83 | B84: 45146 | C84: Toyota | D84: Hiace | E84: 6980227 | F84: Child part | G84: Grille Radiator LWR | H84: 1 | I84: GH228 | J84: Line Damage | K84: MMO | M84: PCM-000041 | P84: 45191 | W84: 45362 | Y84: =IF(P84="","",IF(W84="",TODAY()-P84,W84-P84)) -> 171
A85: 84 | B85: 45146 | C85: Toyota | D85: Hiace | E85: 6980227 | F85: Child part | G85: Front Hood(Bonnet) | H85: 1 | I85: GH228 | J85: Line Damage | K85: MMO | M85: PCM-000041 | P85: 45191 | Y85: =IF(P85="","",IF(W85="",TODAY()-P85,W85-P85)) -> 395
A86: 85 | B86: 45146 | C86: Toyota | D86: Hiace | E86: 6980227 | F86: Child part | G86: Front quarter panel | H86: 1 | I86: GH228 | J86: Line Damage | K86: MMO | M86: PCM-000041 | P86: 45148 | Y86: =IF(P86="","",IF(W86="",TODAY()-P86,W86-P86)) -> 438
A87: 86 | B87: 45146 | C87: Toyota | D87: Hiace | E87: 6980227 | F87: 8110-60C32 | G87: Headlamp Assy,RH | H87: 1 | I87: GH228 | J87: Line Damage | K87: MMO | M87: PCM-000041 | P87: 45148 | W87: 45362 | X87: 1 | Y87: =IF(P87="","",IF(W87="",TODAY()-P87,W87-P87)) -> 214
A88: 87 | B88: 45146 | C88: Toyota | D88: Hilux | E88: N/A | F88: 90159-T0037 | G88: Screw w/washer tapping | H88: 300 | I88: Buffer | J88: Buffer | K88: KDQR | M88: N/A | P88: 45167 | Y88: =IF(P88="","",IF(W88="",TODAY()-P88,W88-P88)) -> 419
A89: 88 | B89: 45146 | C89: Toyota | D89: Hilux | E89: 34678 | F89: 55620-KK010 | G89: Holder Assy Instrument Panel cup | H89: 5 | I89: FB001 | P89: 45167 | Y89: =IF(P89="","",IF(W89="",TODAY()-P89,W89-P89)) -> 419
A90: 89 | B90: 45146 | C90: Toyota | D90: Hilux | E90: 34678 | F90: 55625-KK030 | G90: Tray Instrument Panel cup Holder | H90: 5 | I90: FB001 | J90: Short Shipment | K90: KDQR | M90: N/A | P90: 45167 | W90: 45306 | Y90: =IF(P90="","",IF(W90="",TODAY()-P90,W90-P90)) -> 139
A91: 90 | B91: 45146 | C91: Toyota | D91: Hilux | E91: 34675 | F91: 58000-KK901 | G91: Shell Assy Body (S.P) Bonet | H91: 1 | I91: FB001 | J91: Manufacturer Error | K91: KDQR | M91: N/A | P91: 45167 | Y91: =IF(P91="","",IF(W91="",TODAY()-P91,W91-P91)) -> 419
A92: 91 | B92: 45154 | C92: Toyota | D92: Hilux | E92: 6980227 | F92: Child Part | G92: Front quater panel | H92: 1 | I92: GH228 | J92: Line Damage | K92: MMO | P92: 45153 | Y92: =IF(P92="","",IF(W92="",TODAY()-P92,W92-P92)) -> 433
A93: 92 | B93: 45155 | C93: Toyota | D93: Hiace | E93: 6980227 | F93: 8110-60c32 | G93: Headlamp Assy RH | H93: 1 | I93: GH228 | J93: Line Damage | K93: MMO | P93: 45153 | Y93: =IF(P93="","",IF(W93="",TODAY()-P93,W93-P93)) -> 433
A94: 93 | B94: 45156 | C94: Toyota | D94: Hilux | E94: 51809 | F94: 67491-kk020 | G94: Garnish FR DR LWR | H94: 1 | I94: FH02 | J94: Short Shipment | K94: KDQR | M94: N/A | P94: 45153 | W94: 44988 | X94: 1 | Y94: =IF(P94="","",IF(W94="",TODAY()-P94,W94-P94)) -> -165
A95: 94 | B95: 45157 | C95: Toyota | D95: Hilux | E95: 518442 | F95: 67491-kk020 | G95: Garnish FR DR LWR | H95: 1 | I95: FH02 | J95: Short Shipment | K95: KDQR | M95: N/A | P95: 45153 | W95: 44988 | X95: 1 | Y95: =IF(P95="","",IF(W95="",TODAY()-P95,W95-P95)) -> -165
A96: 95 | B96: 45158 | C96: Toyota | D96: Hilux | E96: 51881 | F96: 67491-kk020 | G96: Garnish FR DR LWR | H96: 1 | I96: FH02 | J96: Short Shipment | K96: KDQR | M96: N/A | P96: 45153 | W96: 44988 | X96: 1 | Y96: =IF(P96="","",IF(W96="",TODAY()-P96,W96-P96)) -> -165
A97: 96 | B97: 45153 | C97: Toyota | D97: Hilux | E97: 51734 | F97: 67491-kk020 | G97: Garnish FR DR LWR | H97: 1 | I97: FH02 | J97: Short Shipment | K97: KDQR | M97: N/A | P97: 45153 | W97: 44988 | X97: 1 | Y97: =IF(P97="","",IF(W97="",TODAY()-P97,W97-P97)) -> -165
A98: 97 | B98: 45153 | C98: Toyota | D98: Hilux | E98: 51772 | F98: 67491-kk020 | G98: Garnish FR DR LWR | H98: 1 | I98: FH02 | J98: Short Shipment | K98: KDQR | M98: N/A | P98: 45153 | W98: 44988 | X98: 1 | Y98: =IF(P98="","",IF(W98="",TODAY()-P98,W98-P98)) -> -165
A99: 98 | B99: 45153 | C99: Toyota | D99: Hilux | E99: 51807, 51842, 51881,51734, 54448,544483,54399,54376 | F99: 75921-0k090 | G99: Black Tape Outer | H99: 1 | I99: FH02 | J99: Short Shipment | K99: KDQR | M99: N/A | P99: 45153 | W99: 44988 | Y99: =IF(P99="","",IF(W99="",TODAY()-P99,W99-P99)) -> -165
A100: 99 | B100: 45153 | C100: Toyota | D100: Hilux | E100: 54425 | F100: 75921-0k090 | G100: Black Tape Outer | H100: 9 | I100: FJ02 | J100: Short Shipment | K100: KDQR | M100: N/A | P100: 45153 | W100: 44988 | Y100: =IF(P100="","",IF(W100="",TODAY()-P100,W100-P100)) -> -165
...

Sheet ROBBING LIST
A1: SNO | B1: DATE | C1: CUSTOMER | D1: MODEL | E1: PART NO | F1: PART NAME | G1: QTY | H1: REASON CODE | I1: LOT AFFECTED | J1: LOT ROBBED | L1: CLAIM STATUS
A2: 1 | B2: 19/01/2024 | C2: FUSO | D2: FJ2528/ 2523C | E2: A4008809714 | F2: ZB BRACKET/ LOWER ASSY RH | G2: 6 | K2: =VLOOKUP(E2,CLAIMS!F:K,5,FALSE) -> #N/A | L2: NOT CLAIMED
B3: 19/01/2024 | C3: FUSO | D3: FJ2528/ 2523C | E3: A4004310115 | F3: LU AIR DRIER | G3: 2 | K3: =VLOOKUP(E3,CLAIMS!F:K,5,FALSE) -> Short Shipment
B4: 19/01/2024 | C4: FUSO | D4: FJ2528/ 2523C | E4: A0039976689 | F4: LU COUPLING PLUG | G4: 6 | K4: =VLOOKUP(E4,CLAIMS!F:K,5,FALSE) -> Short Shipment
B5: 19/01/2024 | C5: FUSO | D5: FJ2528/ 2523C | E5: N000912008206 | F5: CAP BOLT M8 X 45 | G5: 24 | K5: =VLOOKUP(E5,CLAIMS!F:K,5,FALSE) -> Short Shipment
B6: 19/01/2024 | C6: FUSO | D6: FJ2528/ 2523C | E6: A4006603830 | F6: ZB SUPPORTING TUBE | G6: 1 | K6: =VLOOKUP(E6,CLAIMS!F:K,5,FALSE) -> Wrong Shipment
B7: 19/01/2024 | C7: FUSO | D7: FJ2528/ 2523C | E7: N0000000003250 | F7: WASHER ISO | G7: 320 | K7: =VLOOKUP(E7,CLAIMS!F:K,5,FALSE) -> #N/A | L7: NOT CLAIMED
B8: 19/01/2024 | C8: FUSO | D8: FJ2528/ 2523C | E8: A4005406609 | F8: ZB ELECTRICAL WIRING HARNESS | G8: 6 | K8: =VLOOKUP(E8,CLAIMS!F:K,5,FALSE) -> Not Supplied
B9: 19/01/2024 | C9: FUSO | D9: FJ2528/ 2523C | E9: A400524940 | F9: ZB BRACKET | G9: 24 | K9: =VLOOKUP(E9,CLAIMS!F:K,5,FALSE) -> #N/A | L9: NOT CLAIMED
B10: 19/01/2024 | C10: FUSO | D10: FJ2528/ 2523C | E10: A4005451907 | F10: LU ROCKER SWITCH | G10: 6 | K10: =VLOOKUP(E10,CLAIMS!F:K,5,FALSE) -> #N/A | L10: NOT CLAIMED
B11: 19/01/2024 | C11: FUSO | D11: FJ2528/ 2523C | E11: A4006800108 | F11: ZB COVER RH | G11: 1 | K11: =VLOOKUP(E11,CLAIMS!F:K,5,FALSE) -> Short Shipment
B12: 19/01/2024 | C12: FUSO | D12: FJ2528/ 2523C | E12: A4008172814 | F12: MODEL IDENTIFICATION FJ | G12: 1 | K12: =VLOOKUP(E12,CLAIMS!F:K,5,FALSE) -> #N/A | L12: NOT CLAIMED
B13: 19/01/2024 | C13: FUSO | D13: FJ2528/ 2523C | E13: A0009906350 | F13: NUT | G13: 24 | K13: =VLOOKUP(E13,CLAIMS!F:K,5,FALSE) -> #N/A | L13: NOT CLAIMED
B14: 19/01/2024 | C14: FUSO | D14: FJ2528/ 2523C | E14: A0009903978 | F14: CONNECTION SLEEVE | G14: 6 | K14: =VLOOKUP(E14,CLAIMS!F:K,5,FALSE) -> #N/A | L14: NOT CLAIMED
B15: 19/01/2024 | C15: FUSO | D15: FJ2528/ 2523C | E15: N000000001935 | F15: SCREW | G15: 24 | K15: =VLOOKUP(E15,CLAIMS!F:K,5,FALSE) -> Short Shipment
B16: 19/01/2024 | C16: FUSO | D16: FJ2528/ 2523C | E16: A4007600759 | F16: LU DOOR HANDLE/HDT LH | G16: 1 | K16: =VLOOKUP(E16,CLAIMS!F:K,5,FALSE) -> #N/A | L16: NOT CLAIMED
B17: 19/01/2024 | C17: FUSO | D17: FJ2528/ 2523C | E17: A4008100419 | F17: LU KERB MIRROR/ HDT | G17: 1 | K17: =VLOOKUP(E17,CLAIMS!F:K,5,FALSE) -> #N/A | L17: NOT CLAIMED
B18: 19/01/2024 | C18: FUSO | D18: FJ2528/ 2523C | E18: A4006900150A7 | F18: HEADLINER RR/S/L | G18: 1 | K18: =VLOOKUP(E18,CLAIMS!F:K,5,FALSE) -> #N/A | L18: NOT CLAIMED
B19: 19/01/2024 | C19: FUSO | D19: FJ2528/ 2523C | E19: A4008201439 | F19: HEADLAMP RH | G19: 1 | K19: =VLOOKUP(E19,CLAIMS!F:K,5,FALSE) -> #N/A | L19: NOT CLAIMED
B20: 25...26/03/2024 | C20: FUSO | D20: FM 657 | E20: MC859640 | F20: KEY SET | G20: 8 | J20: 331/332 | K20: =VLOOKUP(E20,CLAIMS!F:K,5,FALSE) -> Line Damage
B21: 25...26/03/2025 | C21: FUSO | D21: FM 657 | E21: MK510347 | F21: MIRROR ROOM | G21: 1 | J21: 332 | K21: =VLOOKUP(E21,CLAIMS!F:K,5,FALSE) -> #N/A | L21: NOT CLAIMED
B22: 25...26/03/2026 | C22: FUSO | D22: FM 657 | E22: MC857723 | F22: SENSOR SPEED | G22: 1 | J22: 332 | K22: =VLOOKUP(E22,CLAIMS!F:K,5,FALSE) -> Line Damage
B23: 25...26/03/2027 | C23: FUSO | D23: FM 657 | E23: MC0000056 | F23: CHAIN | G23: 4 | J23: 332 | K23: =VLOOKUP(E23,CLAIMS!F:K,5,FALSE) -> #N/A | L23: NOT CLAIMED
B24: 25...26/03/2028 | C24: FUSO | D24: FM 657 | E24: MK421275 | F24: BUZZER WARNING | G24: 8 | J24: 331/332 | K24: =VLOOKUP(E24,CLAIMS!F:K,5,FALSE) -> Line Loss
B25: 25...26/03/2029 | C25: FUSO | D25: FM 657 | E25: MH039716 | F25: CONNECTOR | G25: 7 | J25: 332 | K25: =VLOOKUP(E25,CLAIMS!F:K,5,FALSE) -> #N/A | L25: NOT CLAIMED
B26: 25...26/03/2030 | C26: FUSO | D26: FM 657 | E26: MA155254 | F26: CLIP | G26: 4 | J26: 332 | K26: =VLOOKUP(E26,CLAIMS!F:K,5,FALSE) -> #N/A | L26: NOT CLAIMED
B27: 25...26/03/2031 | C27: FUSO | D27: FM 657 | E27: MC420079 | F27: PIN SHACKLE | G27: 20 | J27: 332 | K27: =VLOOKUP(E27,CLAIMS!F:K,5,FALSE) -> #N/A | L27: NOT CLAIMED
B28: 25...26/03/2032 | C28: FUSO | D28: FM 657 | E28: MC928534 | F28: CLIP | G28: 2 | J28: 332 | K28: =VLOOKUP(E28,CLAIMS!F:K,5,FALSE) -> #N/A | L28: NOT CLAIMED
B29: 25...26/03/2033 | C29: FUSO | D29: FM 657 | E29: MC923837 | F29: HOOD METER | G29: 4 | J29: 332 | K29: =VLOOKUP(E29,CLAIMS!F:K,5,FALSE) -> Wrong Shipment
B30: 25...26/03/2034 | C30: FUSO | D30: FM 657 | E30: MC932101 | F30: BLOWER ASSY | G30: 3 | J30: 332 | K30: =VLOOKUP(E30,CLAIMS!F:K,5,FALSE) -> #N/A | L30: NOT CLAIMED
B31: 25...26/03/2035 | C31: FUSO | D31: FM 657 | E31: ML249166 | F31: TRIM BACK | G31: 4 | J31: 332 | K31: =VLOOKUP(E31,CLAIMS!F:K,5,FALSE) -> Pack Damage
B32: 25...26/03/2036 | C32: FUSO | D32: FM 657 | E32: MC645114 | F32: HOSE AIR INTAKE | G32: 4 | J32: 332 | K32: =VLOOKUP(E32,CLAIMS!F:K,5,FALSE) -> #N/A | L32: NOT CLAIMED
B33: 25...26/03/2037 | C33: FUSO | D33: FM 657 | E33: MF140287 | F33: BOLT FLANGE | G33: 14 | J33: 332 | K33: =VLOOKUP(E33,CLAIMS!F:K,5,FALSE) -> #N/A | L33: NOT CLAIMED
B34: 25...26/03/2038 | C34: FUSO | D34: FM 657 | E34: MC887439 | F34: TUNER AM RADIO | G34: 2 | J34: 332 | K34: =VLOOKUP(E34,CLAIMS!F:K,5,FALSE) -> Line Damage
B35: 25...26/03/2039 | C35: FUSO | D35: FM 657 | E35: MC645513 | F35: COVER SHAFT FRONT | G35: 1 | J35: 332 | K35: =VLOOKUP(E35,CLAIMS!F:K,5,FALSE) -> #N/A | L35: NOT CLAIMED
B36: 25...26/03/2040 | C36: FUSO | D36: FM 657 | E36: ML273158 | F36: TRIM RR SIDE | G36: 4 | J36: 332 | K36: =VLOOKUP(E36,CLAIMS!F:K,5,FALSE) -> Wrong Shipment
B37: 25...26/03/2041 | C37: FUSO | D37: FM 657 | E37: MK510557 | F37: LAMP PERSONAL | G37: 1 | J37: 332 | K37: =VLOOKUP(E37,CLAIMS!F:K,5,FALSE) -> Manufacturer Error
B38: 25...26/03/2042 | C38: FUSO | D38: FM 657 | E38: MC021036 | F38: CLIP | G38: 4 | J38: 332 | K38: =VLOOKUP(E38,CLAIMS!F:K,5,FALSE) -> #N/A | L38: NOT CLAIMED
B39: 25...26/03/2043 | C39: FUSO | D39: FM 657 | E39: ML241750 | F39: CABLE IDLE CONTROL(CLIP) | G39: 1 | J39: 332 | K39: =VLOOKUP(E39,CLAIMS!F:K,5,FALSE) -> #N/A | L39: NOT CLAIMED
B40: 25...26/03/2044 | C40: FUSO | D40: FM 657 | E40: MH00483 | F40: BOLT REAMER | G40: 32 | J40: 332 | K40: =VLOOKUP(E40,CLAIMS!F:K,5,FALSE) -> #N/A | L40: NOT CLAIMED
B41: 25...26/03/2045 | C41: FUSO | D41: FM 657 | E41: MC928127 | F41: BOLT ASSY | G41: 1 | J41: 332 | K41: =VLOOKUP(E41,CLAIMS!F:K,5,FALSE) -> #N/A | L41: NOT CLAIMED
B42: 25...26/03/2046 | C42: FUSO | D42: FM 657 | E42: MC924726 | F42: SEAT BELT ASSY, SIDE | G42: 1 | J42: 332 | K42: =VLOOKUP(E42,CLAIMS!F:K,5,FALSE) -> #N/A | L42: NOT CLAIMED
B43: 25...26/03/2047 | C43: FUSO | D43: FM 657 | E43: MK486070 | F43: MOULDING DOOR BELT LH | G43: 1 | J43: 332 | K43: =VLOOKUP(E43,CLAIMS!F:K,5,FALSE) -> #N/A | L43: NOT CLAIMED
B44: 18/01/2024 | C44: TATA | D44: 2516 | E44: 25768116332 | F44: REFLECTIVE TAPE CENTER | G44: 1 | I44: 1 | J44: 2 | K44: =VLOOKUP(E44,CLAIMS!F:K,5,FALSE) -> #N/A | L44: NOT CLAIMED
B45: 25/01/2024 | C45: TATA | D45: 2516 | E45: 16442800603 | F45: COUPLING BODY | G45: 12 | I45: 1 | J45: 2 | K45: =VLOOKUP(E45,CLAIMS!F:K,5,FALSE) -> #N/A | L45: NOT CLAIMED
B46: 24/01/2024 | C46: TATA | D46: 2516 | E46: 263243700169 | F46: AIR DRIER | G46: 1 | I46: 1 | J46: 2 | K46: =VLOOKUP(E46,CLAIMS!F:K,5,FALSE) -> Manufacturer Error
B47: 31/01/2024 | C47: TATA | D47: 2516 | E47: 263258408204 | F47: MANUFACTURERS PLATE | G47: 1 | I47: 1 | J47: 2 | K47: =VLOOKUP(E47,CLAIMS!F:K,5,FALSE) -> Line Damage
C48: CFAO | D48: Hiace | E48: 74615-60020 | F48: COVER GRIP ASSIST | G48: 2 | K48: =VLOOKUP(E48,CLAIMS!F:K,5,FALSE) -> Line Loss
C49: CFAO | D49: HIACE | E49: 56100-26111 | F49: WINDSHIELD GLASS | G49: 1 | K49: =VLOOKUP(E49,CLAIMS!F:K,5,FALSE) -> Pack Damage
C50: CFAO | D50: HIACE | E50: 88723-28240 | F50: BONNET STICKER | G50: 1 | K50: =VLOOKUP(E50,CLAIMS!F:K,5,FALSE) -> Line Loss
C51: CFAO | D51: HIACE | E51: 62206-26033 | F51: GLASS SUB ASSYRR SIDE FR LH | G51: 1 | K51: =VLOOKUP(E51,CLAIMS!F:K,5,FALSE) -> Line Loss
C52: CFAO | D52: HIACE | E52: 46110-26591 | F52: HANDBRAKE CBALE | G52: 1 | K52: =VLOOKUP(E52,CLAIMS!F:K,5,FALSE) -> Line Damage
C53: CFAO | D53: HIACE | E53: 53510-26060 | F53: LOCK ASSY HOOD | G53: 1 | K53: =VLOOKUP(E53,CLAIMS!F:K,5,FALSE) -> Line Loss
C54: CFAO | D54: HIACE | E54: 17940-30051 | F54: INTERCOOLER ASSY | G54: 1 | K54: =VLOOKUP(E54,CLAIMS!F:K,5,FALSE) -> Line Damage
C55: CFAO | D55: HIACE | E55: 48820-26051 | F55: LINK ASSY FR STABILIZER | G55: 1 | K55: =VLOOKUP(E55,CLAIMS!F:K,5,FALSE) -> Line Damage
C56: CFAO | D56: HIACE | E56: 53827-26010 | F56: WEATHERSTRIP | G56: 2 | K56: =VLOOKUP(E56,CLAIMS!F:K,5,FALSE) -> Line Loss
C57: CFAO | D57: HIACE | E57: 33820-V3020 | F57: GEAR SHIFT CABLE | G57: 1 | K57: =VLOOKUP(E57,CLAIMS!F:K,5,FALSE) -> Manufacturer Error
C58: CFAO | D58: HIACE | E58: 88710-26C90 | F58: AC PIPE | G58: 1 | K58: =VLOOKUP(E58,CLAIMS!F:K,5,FALSE) -> Line Damage
C59: CFAO | D59: HIACE | E59: 81150-26741 | F59: HEADLAMP ASSY LH | G59: 1 | K59: =VLOOKUP(E59,CLAIMS!F:K,5,FALSE) -> Line Damage
... C66: CFAO | D66: HIACE | E66: 74559-14030 | F66: DIESEL STICKER | G66: 1 | K66: =VLOOKUP(E66,CLAIMS!F:K,5,FALSE) -> Line Damage
C67: CFAO | D67: HIACE | F67: SLEEVE MASTER CYLINDER | G67: 1 | K67: =VLOOKUP(E67,CLAIMS!F:K,5,FALSE) -> #N/A
C68: SIMBA | D68: HIACE | E68: 7260B349 | F68: COVER STEERING SHAFT | G68: 1 | K68: =VLOOKUP(E68,CLAIMS!F:K,5,FALSE) -> #N/A | L68: NOT CLAIMED
C69: SIMBA | D69: HIACE | E69: 7620B780HA | F69: SUNVISOR ASSY | G69: 1 | K69: =VLOOKUP(E69,CLAIMS!F:K,5,FALSE) -> EOL | L69: CLAIMED
C70: SIMBA | D70: HIACE | E70: 4408A239 | F70: LOCK STEERING HANDLE | G70: 1 | K70: =VLOOKUP(E70,CLAIMS!F:K,5,FALSE) -> #N/A
C71: SIMBA | D71: HIACE | E71: 41000W00P | F71: BRAKE ASSY FRONT RH | G71: 4 | K71: =VLOOKUP(E71,CLAIMS!F:K,5,FALSE) -> #N/A
C72: SIMBA | D72: HIACE | E72: MU481162 | F72: CLIP | G72: 7 | K72: =VLOOKUP(E72,CLAIMS!F:K,5,FALSE) -> #N/A
C73: SIMBA | D73: HIACE | E73: 6958A227V | F73: STRIKER FOR CTR | G73: 10 | K73: =VLOOKUP(E73,CLAIMS!F:K,5,FALSE) -> #N/A
C74: SIMBA | D74: HIACE | E74: 2348A314 | F74: TUBE CLUTCH | G74: 10 | K74: =VLOOKUP(E74,CLAIMS!F:K,5,FALSE) -> Wrong Shipment
C75: SIMBA | D75: HIACE | E75: 14457W000P | F75: SEAL O-RING | G75: 20 | K75: =VLOOKUP(E75,CLAIMS!F:K,5,FALSE) -> #N/A
C76: SIMBA | D76: HIACE | E76: MR556243 | F76: CLIP CABLE | G76: 20 | K76: =VLOOKUP(E76,CLAIMS!F:K,5,FALSE) -> #N/A
C77: SIMBA | D77: HIACE | E77: MR655523 | F77: CLIP (BLACK) | G77: 70 | K77: =VLOOKUP(E77,CLAIMS!F:K,5,FALSE) -> #N/A
C78: SIMBA | D78: HIACE | E78: 6369A113G | F78: KEY SET | G78: 1 | K78: =VLOOKUP(E78,CLAIMS!F:K,5,FALSE) -> #N/A
C79: SIMBA | D79: HIACE | E79: 4450A269 | F79: BRKT ASSY | G79: 10 | K79: =VLOOKUP(E79,CLAIMS!F:K,5,FALSE) -> #N/A
C80: SIMBA | D80: HIACE | E80: 1711A027 | F80: STICKER DIESEL | G80: 10 | K80: =VLOOKUP(E80,CLAIMS!F:K,5,FALSE) -> #N/A
C81: SIMBA | D81: HIACE | E81: MS440503 | F81: NUT WASHER ASS | G81: 10 | K81: =VLOOKUP(E81,CLAIMS!F:K,5,FALSE) -> #N/A
... C98: SIMBA | D98: HIACE | E98: 7835A001V | F98: DUCT ASSY AIR OUTLET | G98: 2 | K98: =VLOOKUP(E98,CLAIMS!F:K,5,FALSE) -> Line Damage
C99: TOYOTA | D99: Hilux | E99: 44310-0K142 | F99: PUMP VANE | G99: 1
C100: TOYOTA | D100: Hilux | E100: 47341-0K090 | F100: TUBE WHEEL CYLINDER | G100: 1
C101: TOYOTA | D101: Hilux | E101: 75770-0K351 | F101: MOULDING ASSY HOOD FR | G101: 1
C102: TOYOTA | D102: Hilux | E102: 68210-0K040 | F102: WEATHERSTRIP ASSY | G102: 1
C103: TOYOTA | D103: Hilux | E103: 56101-0KP40 | F103: GLASS ASSY WINDSHIELD | G103: 1
C104: TOYOTA | D104: Hilux | E104: 42140-0KT30 | F104: AXLE ASSY RR | G104: 1
C105: TOYOTA | D105: Hilux | E105: 43520-75W52 | F105: FR AXLE ASSEMBLY | G105: 1
C106: TOYOTA | D106: Hilux | E106: 53601-0K120 | F106: LEVER SUB ASSY HOOD LOCK CONTROL | G106: 1
C107: TOYOTA | D107: Hilux | E107: 55330-KK450 | F107: REINFORCEMENT ASSY INST PANEL | G107: 1
C108: TOYOTA | D108: Hilux | E108: 16711-0L180 | F108: SHROUD FAN | G108: 1
C109: TOYOTA | D109: Hilux | E109: 90467-T0004 B0 | F109: CLIP (B0) | G109: 20
C110: TOYOTA | D110: Hilux | E110: 68103-0K220 | F110: GLASS SUB ASSY RR DOOR RH | G110: 1
C111: TOYOTA | D111: Hilux | E111: 52205-0L110 | F111: CABIN MOUNTING | G111: 1
C112: TOYOTA | D112: Hilux | F112: CAB MOUNTING RH | G112: 1
C113: TOYOTA | D113: Hilux | F113: CAB MOUNTING LH | G113: 1
C114: SCM | D114: FI1217R | E114: A4006800206 | F114: TRIM PANEL FEET | G114: 5
C115: SCM | D115: FI1217R | E115: A4007200146 | F115: WINDOW LEFT (SCREWS) | G115: 6
C116: SCM | D116: FI1217R | E116: A4008600685 | F116: SEAT BELT LH | G116: 1
C117: SCM | D117: FI1217R | E117: A4006950725 | F117: HEADLINER | G117: 6
C118: SCM | D118: FI1217R | E118: A4005410158 | F118: CONTROL UNIT DC | G118: 4
C119: SCM | D119: FI1217R | E119: A4006710021 | F119: SEALING WINDSHIELD | G119: 3
C120: SCM | D120: FI1217R | E120: A4007250025 | F120: WINDOW GUIDE RAIL | G120: 1
C121: SCM | D121: FI1217R | E121: A4008351107 | F121: BLOWER | G121: 1
C122: SCM | D122: FI1217R | E122: A4008100510A7 | F122: SUNVISOR RH | G122: 4
...

Sheet STORE ITEMS
A1: CUSTOMER | B1: MODEL | C1: PART NO | D1: DESCRIPTION | E1: QTY | F1: DATE RECEIVED | G1: QTY ISSUED | H1: DATE ISSUED | I1: ISSUED TO | J1: REMARKS | K1: STATUS
A2: Scm | B2: ASHOK | C2: FH300161 | D2: LOGO | E2: 5 | F2: 45026 | K2: RECEIVED | P2: =VLOOKUP(C2, CLAIMS!A1:K2000, 4, FALSE) | S2: =VLOOKUP(O2, A2:M2000, 4, FALSE) -> #N/A
A3: SCM | C3: ME 445615 | D3: PUMP GENERAL ASSY SUPPLY | E3: 1 | F3: 45038 | K3: RECEIVED | M3: ALL ITEMS ISSUED | S3: =VLOOKUP(C3, A3:M2001, 4, FALSE) -> #N/A
A4: Scm | C4: ME 132100Y | D4: DISK ASSY DRIVING | E4: 1 | F4: 45038 | K4: RECEIVED | S4: =VLOOKUP(C4, A4:M2002, 4, FALSE) -> #N/A
A5: Scm | C5: MC 040495 | D5: NUT FLANGE | E5: 1 | F5: 45038 | K5: RECEIVED | M5: NOT ALL ITEMS ISSUED
A6: Scm | C6: MF 434105 | D6: NUT FLANGE | E6: 3 | F6: 45038 | K6: RECEIVED
A7: Scm | C7: MS 146022 | D7: BOLT FLANGE | E7: 1 | F7: 45038 | K7: RECEIVED
A8: Scm | C8: MS 146006 | D8: BOLT FLANGE | E8: 1 | F8: 45038 | K8: RECEIVED
A9: Scm | C9: MH 001884 | D9: BOLT HEX SOCKET | E9: 3 | F9: 45038 | K9: RECEIVED
A10: Scm | C10: ME 306511 | D10: COVER TIMING GEAR | E10: 1 | F10: 45038 | K10: RECEIVED
A11: Scm | C11: ME 305844 | D11: BLOCK COUPLING | E11: 1 | F11: 45038 | K11: RECEIVED
A12: Scm | C12: MH 035547 | D12: O-RING | E12: 1 | F12: 45038 | K12: RECEIVED
A13: Scm | C13: MH 035224 | D13: O-RING | E13: 1 | F13: 45038 | K13: RECEIVED
A14: Scm | C14: ML 258531 | D14: PAD FLOOR | E14: 48 | F14: 45132 | G14: 2,36 | H14: 26 JUL 23,4/8/23 | I14: VOPSY,PETER | K14: ISSUED
A15: Scm | C15: A 4308260043 | D15: DIRECTION INDICTOR | E15: 12 | F15: 45132 | K15: RECEIVED
A16: Scm | C16: A 4308260143 | D16: BLINK LAMP | E16: 12 | F16: 45132 | K16: RECEIVED
A17: Scm | C17: MB 288654 | D17: FLANGE NUT SELF LOCK | E17: 1 | F17: 45089 | K17: RECEIVED
A18: Scm | C18: MR 161694 | D18: CLIP | E18: 1 | F18: 45089 | K18: RECEIVED
A19: Scm | C19: MR 569334 | D19: CLIP | E19: 1 | F19: 45089 | K19: RECEIVED
A20: Scm | C20: MU 001912 | D20: FLANGE NUT SELF LOCK | E20: 6 | F20: 45089 | K20: RECEIVED
A21: Scm | C21: MU 488006 | D21: CLIP | E21: 4 | F21: 45089 | K21: RECEIVED
A22: Scm | C22: MR 510882 | D22: CLIP | E22: 1 | F22: 45089 | K22: RECEIVED
A23: Scm | C23: MF 472086 | D23: PIN SLIP(4*35) | E23: 2 | F23: 45089 | K23: RECEIVED
A24: Scm | C24: MF 472069 | D24: PIN SLIP(3*35) | E24: 3 | F24: 45089 | K24: RECEIVED
A25: Scm | C25: MF 472085 | D25: PIN SLIP(4*30) | E25: 1 | F25: 45089 | K25: RECEIVED
A26: Scm | C26: MB 895413 | D26: CLIP | E26: 2 | F26: 45089 | K26: RECEIVED
... A28: Scm | C28: MR 462285 | D28: STOPER GLASS | E28: 2 | F28: 45089 | K28: RECEIVED
A29: Scm | C29: ME298716 | D29: RADIATOR | E29: 1 | F29: 45132 | G29: 1 | H29: 6/OCT/23 | I29: EMANUEL BAYA | K29: ISSUED
A30: Scm | C30: MK323353 | D30: GRILLE | E30: 2 | F30: 45132 | K30: RECEIVED
A31: Scm | C31: MC923839 | D31: COVER LOWER | E31: 1 | F31: 45132 | K31: RECEIVED
A32: Scm | B32: FM657L | C32: MK513092 | D32: SUNVISOR | E32: 1 | F32: 45132 | G32: 1 | H32: 5/OCT/23 | I32: BAKARI | K32: ISSUED
A33: Scm | C33: MK484299 | D33: INSULATOR | E33: 1 | F33: 45132 | J33: =SUBTOTAL(109,J3:J32) -> 0 | K33: RECEIVED
A34: Scm | B34: FM657L | C34: MC932101 | D34: BLOWER ASSY | E34: 1 | F34: 45132 | H34: 45205 | I34: BAYA | K34: ISSUED
A35: Scm | C35: ML324236 | D35: BLOWER ASSY | E35: 3 | F35: 45132 | K35: RECEIVED
A36: Scm | C36: MC934640 | D36: HEATER UNIT | E36: 1 | F36: 45132 | G36: 1 | H36: 45205 | I36: BAYA | K36: ISSUED
A37: Scm | C37: MC091460 | D37: INTEGRAL | E37: 1 | F37: 45132 | G37: 1 | H37: 45205 | I37: BAYA | K37: ISSUED
A38: Scm | C38: ME290700 | D38: MUFFLER | E38: 1 | F38: 45132 | G38: 1 | H38: 45205 | I38: BAYA | K38: ISSUED
A39: Scm | C39: 326333000 | D39: WASHER | E39: 8 | F39: 45132 | K39: RECEIVED
A40: Scm | C40: 326332000 | D40: WASHER | E40: 8 | F40: 45132 | K40: RECEIVED
A41: Scm | B41: FM657L | C41: MC037694 | D41: NUT | E41: 1 | F41: 45132 | G41: 1 | H41: 6/OCT/23 | I41: BAYA | K41: ISSUED
A42: Scm | B42: FN627R | C42: MC092229 | D42: ARM PITMAN | E42: 4 | F42: 45132 | G42: 4 | H42: 13/9/23 | I42: KIVUVA | K42: ISSUED
A43: Scm | C43: MC930317 | D43: SUPPORT | E43: 4 | F43: 45132 | G43: 4 | H43: 9/10/23 | I43: BAYA | K43: ISSUED
A44: Scm | C44: MK384910 | D44: MASTER ASSY | E44: 1 | F44: 45132 | K44: RECEIVED
A45: Scm | C45: MK396945 | D45: HOOK FRN | E45: 12 | F45: 45132 | K45: RECEIVED
A46: Scm | C46: MC058278 | D46: U-BOLT | E46: 8 | F46: 45132 | H46: 13/9/23 | I46: KIVUVA | K46: ISSUED
A47: Scm | C47: MK399835 | D47: COVER BATTERY | E47: 12 | F47: 45132 | G47: 1 | H47: 8/9/23 | I47: FRANK | K47: ISSUED
A48: Scm | C48: ML242369 | D48: SUPPORT ENGINE | E48: 2 | F48: 45132 | G48: 2 | H48: 4/OCT/23 | I48: SABINA | K48: ISSUED
A49: Scm | C49: ML242446 | D49: SHAFT CROSS | E49: 1 | F49: 45132 | G49: 1 | H49: 10/11/23 | I49: BUNDOTICH | K49: ISSUED
A50: Scm | C50: MF140287 | D50: BOLT FLANGE | E50: 32 | F50: 45132 | G50: 4,28 | H50: 12/9/23, 5/OCT/23 | I50: KIVUVA,BAKARI | K50: ISSUED
A51: Scm | C51: MC092243 | D51: P/S OIL TANK | E51: 1 | F51: 45132 | G51: 1 | H51: 45205 | I51: BAKARI | K51: ISSUED
A52: Scm | C52: MC853801 | D52: LAMP RR | E52: 1 | F52: 45132 | K52: RECEIVED
A53: Scm | C53: MS106225 | D53: BOLT | E53: 12 | F53: 45132 | G53: 12 | H53: I4/10/23 | I53: BAKARI | K53: ISSUED
A54: Scm | C54: MK580840 | D54: LAMP FR & S | E54: 1 | F54: 45132 | G54: 1 | H54: 8/9/23 | I54: FRANK | K54: ISSUED
A55: Scm | C55: MC898585 | D55: SWITCH AI | E55: 5 | F55: 45132 | G55: 5 | H55: 6/OCT/23 | I55: BAYA | K55: ISSUED
A56: Scm | C56: MK370540 | D56: RELAY FLASHER | E56: 4 | F56: 45132 | G56: 4 | H56: 6/OCT/23 | I56: BAYA | K56: ISSUED
A57: Scm | C57: MH038477 | D57: CONNECTOR | E57: 1 | F57: 45132 | K57: RECEIVED
A58: Scm | C58: MH004158 | D58: NUT FLANGE | E58: 4 | F58: 45132 | G58: 4 | H58: 45205 | I58: KIVUVA, | K58: ISSUED
A59: Scm | B59: FM657L | C59: MC021036 | D59: CLIP | E59: 4 | F59: 45132 | G59: 4 | H59: I8/9/23 | I59: KIVUVA, | K59: ISSUED
A60: Scm | B60: FM657L | C60: ML250101 | D60: LAMP ROOM | E60: 2 | F60: 45132 | G60: 2 | H60: 45147 | I60: FRANK | K60: ISSUED
A61: Scm | B61: FM657L | C61: MH000433 | D61: BOLT | E61: 1 | F61: 45132 | G61: 1 | H61: 45205 | I61: BAYA | K61: ISSUED
A62: Scm | C62: MCO40476 | D62: BOLT FLANGE | E62: 1 | F62: 45132 | K62: RECEIVED
A63: Scm | C63: ML308701 | D63: CLAMP | E63: 2 | F63: 45132 | G63: 2 | H63: 21/11/23 | I63: KEVO | K63: ISSUED
A64: Scm | B64: FM657L | C64: MC817015 | D64: COCK DRAI | E64: 1 | F64: 45132 | G64: 1 | H64: 45203 | I64: BAKARI | K64: ISSUED
A65: Scm | C65: MC907587 | D65: COVER MAIN | E65: 1 | F65: 45132 | K65: RECEIVED
A66: Scm | C66: ML275685 | D66: PIPE WATER | E66: 1 | F66: 45132 | K66: RECEIVED
A67: Scm | B67: FM657L | C67: MH037891 | D67: BOLT EYE | E67: 1 | F67: 45132 | G67: 1 | H67: 4/10/23 | I67: BAKARI | K67: ISSUED
A68: Scm | B68: FM657L | C68: MC665378 | D68: RELAY POWER | E68: 2 | F68: 45132 | G68: 2 | H68: 6/OCT/23 | I68: BAYA | K68: ISSUED
A69: Scm | B69: FM657L | C69: MK545197 | D69: EMBLEM FUSO | E69: 1 | F69: 45132 | G69: 1 | H69: 6/OCT/23 | I69: BAYA | K69: ISSUED
A70: Scm | C70: MC899349 | D70: BRKT RADIATOR | E70: 1 | F70: 45132 | K70: RECEIVED
A71: Scm | C71: MK387769 | D71: CORD ANTENNA | E71: 2 | F71: 45132 | K71: RECEIVED
A72: Scm | B72: FM657L | C72: MH037392 | D72: CONNECTOR | E72: 1 | F72: 45132 | G72: 1 | H72: 13/9/23 | I72: KIVUVA, | K72: ISSUED
A73: Scm | C73: MK518176 | D73: SUB HARNESS | E73: 3 | F73: 45132 | K73: RECEIVED
A74: Scm | B74: FM657L | C74: MH021335 | D74: CLAMP HOSE | E74: 1 | F74: 45132 | G74: 1 | H74: 45205 | I74: BAYA | K74: ISSUED
A75: Scm | C75: MH020420 | D75: CLIP | E75: 4 | F75: 45132 | K75: RECEIVED
A76: Scm | C76: 1456382701 | D76: VALVE GREASE | E76: 2 | F76: 45132 | G76: 2 | H76: 15/9/23 | I76: KIVUVA | K76: ISSUED
A77: Scm | C77: MH039176 | D77: CONNECTOR | E77: 2 | F77: 45132 | K77: RECEIVED
A78: Scm | C78: MS660169 | D78: CLIP HOSE | E78: 12 | F78: 45132 | K78: RECEIVED
A79: Scm | C79: MK510350 | D79: PLUG SUNVISOR | E79: 4 | F79: 45132 | G79: 4 | H79: 45205 | I79: BAYA | K79: ISSUED
A80: Scm | B80: FM657L | C80: MA155254 | D80: CLIP | E80: 4 | F80: 45132 | G80: 4 | H80: 8/9/23 | I80: KIVUVA | K80: ISSUED
A81: Scm | B81: FM657L | C81: MC856072 | D81: JOINT HOSE | E81: 2 | F81: 45132 | G81: 2 | H81: 45208 | I81: BAYA | K81: ISSUED
A82: Scm | B82: FM657L | C82: MC402879 | D82: STOPPER | E82: 1 | F82: 45132 | G82: 1 | H82: 45179 | I82: BAKARI | K82: ISSUED
A83: Scm | C83: MB060291 | D83: CLIP PIPE | E83: 2 | F83: 45132 | K83: RECEIVED
A84: Scm | C84: MK481768 | D84: NAME PLATE | E84: 5 | F84: 45132 | K84: RECEIVED
A85: Scm | C85: MC928534 | D85: CLIP | E85: 5 | F85: 45132 | G85: 5 | H85: 45205 | I85: BAYA | K85: ISSUED
A86: Scm | B86: FM657L | C86: MC927484 | D86: DAMPER | E86: 1 | F86: 45132 | G86: 1 | H86: 45205 | I86: BAYA | K86: ISSUED
A87: Scm | C87: MK405129 | D87: PLUG TRAY | E87: 1 | F87: 45132 | K87: RECEIVED
A88: Scm | C88: 322725038 | D88: PLATE CAUTION | E88: 1 | F88: 45132 | K88: RECEIVED
A89: Scm | B89: FM657L | C89: MC455108 | D89: PIPE AIR | E89: 1 | F89: 45132 | G89: 1 | H89: 45205 | I89: BAYA | K89: ISSUED
A90: Scm | C90: MK484099 | D90: RUNCHANNEL | E90: 1 | F90: 45132 | K90: RECEIVED
A91: Scm | C91: ML325441 | D91: GLASS ASSY | E91: 1 | F91: 45132 | K91: RECEIVED
A92: Scm | C92: MK378830 | D92: BRKT PROPELLER SHAFT PROTECTOR | E92: 48 | F92: 44999 | G92: 24 | H92: 45121 | I92: PETER | K92: BEING CONSUMED
A93: Scm | C93: MK589420 | D93: BRKT PROPELLER SHAFT PROTECTOR | E93: 24 | F93: 44999 | G93: 12 | H93: 45121 | I93: PETER | K93: ISSUED
A94: Scm | C94: MK589612 | D94: BRKT PROPELLER SHAFT PROTECTOR | E94: 24 | F94: 44999 | G94: 12 | H94: 45121 | I94: PETER | K94: ISSUED
A95: Scm | C95: MF140060 | D95: BOLT FLANGE | E95: 220 | F95: 44999 | G95: 84 | H95: 45121 | I95: PETER | K95: BEING CONSUMED
A96: Scm | C96: MF140025 | D96: BOLT FLANGE | E96: 200 | F96: 44999 | G96: 84 | H96: 45121 | I96: PETER | K96: BEING CONSUMED
A97: Scm | C97: MF434104 | D97: NUT FLANGE | E97: 200 | F97: 44999 | G97: 84 | H97: 45121 | I97: PETER | K97: BEING CONSUMED
A98: Scm | C98: MF434105 | D98: NUT FLANGE | E98: 220 | F98: 44999 | G98: 84 | H98: 45121 | I98: PETER | K98: BEING CONSUMED
A99: Scm | C99: MK647693 | D99: BRKT SUPPORT PROPELLER SHAFT | E99: 96 | F99: 44999 | G99: 84 | H99: 45121 | I99: PETER | K99: BEING CONSUMED
A100: Scm | B100: FN627R | C100: ML234017 | D100: METER CLUSTER | E100: 32 | F100: 44985 | G100: 28 | H100: 14/9/23,26/9/23,28/9/23 | I100: KIVUVA,KIRUI,KIRUI | K100: BEING CONSUMED
A101: Scm | B101: FM657L | C101: ML234015 | D101: METER CLUSTER | E101: 32 | F101: 44960 | G101: 24+8 | H101: 5/10/23,13/6/2024 | I101: YVET,NYAMBURA | J101: YVET ,NYAMBURA | K101: ISSUED
...

Sheet LIST
A2: CFAO | B2: Not Supplied | J2: ECOMET | M2: CLAIMED
A3: TATA | B3: Line Loss | E3: MMO | F3: Scm | G3: Late Order | H3: Accepted | J3: VDJ | K3: N/A | L3: ISSUED | M3: STORE
A4: SIMBA DELUX | B4: Line Damage | E4: KDQR | F4: Toyota | G4: Incorrect Data | H4: Rejected | J4: Hiace | K4: DONE | L4: RECEIVED | M4: NOT CLAIMED
A5: SIMBA | B5: Short Shipment | F5: Seal | G5: Lack of Evidence | H5: N/A | J5: Hilux | K5: NOT DONE | L5: BEING CONSUMED
A6: NELION | B6: Pack Damage | F6: Tata | J6: FEA51
A7: SCANIA | B7: Manufacturer Error | E7: =IFERROR(INDEX(D:D, MATCH(#REF!,B:B,0)), "") | F7: Nelion | J7: FECX
B8: Wrong Shipment | F8: Auto Industries | J8: Fortuner
B9: BOM Error | F9: ISM | J9: CT2518
B10: Backlog | F10: CAG | J10: Partner
B11: EOL | F11: TVS | J11: FI EV
B12: Rework | F12: Aspire | J12: FJ2523C
B13: Paint Rec | F13: Deluxe | J13: FJ1623R
B14: Mulfunction | J14: Haulage
J15: FI1217R
J16: Scania P360
J17: Scania P380
J18: Scania P440
J19: 1216
J20: 2516
J21: FE84CE
J22: FE85CH
J23: FE85CG
J24: FM657L
J25: FN627R
J26: Tata T.9
J27: Piaggio
J28: FJ2528C
J29: FJ2528R
J30: Scania G500
J31: Tata Daewoo
F32: OPEN | J32: FN62FU
F33: CLOSED | J33: FM65FL
J34: Marcopolo
J35: L200
D36: FRONT BUMPER BRKT RH | E36: 1 | F36: 374 | G36: Wrong Shipment | J36: Scania F360
C37: F1104300 | D37: FRONT WIND SHIELD GLASS | E37: 3 | F37: LK107 | J37: Scania
C38: F2203000 | D38: EXH BR SWITCH (X2206000) | E38: 16 | F38: LK109 | J38: Phoenix
C39: B5583111 | D39: ARM ASSY DOOR CHEC | E39: 2 | F39: AK0025 | J39: Scania P410
C40: B5583112 | D40: ARM ASSYDOOR CHECK | E40: 2 | F40: AK0025 | J40: BOSS
C41: FHT00190 | D41: 220L FUEL TANK CAP | E41: 1 | F41: LK111 | J41: U2523
C42: X7815200 | D42: Tail Lamp | E42: 3 | F42: AK0025 | J42: 810
C43: F7873850 | D43: Special Screw | E43: 140 | F43: AK0020 | J43: 1618
C44: X5075413 | D44: FLITCH | E44: 4 | F44: AK0020 | J44: Mahindra
C45: FL100110 | D45: U-BOLT FOR UPRATED SPRINGS | E45: 1 | F45: AK0020 | J45: Hino FC3J
C46: B0Y27604 | D46: RECTANGULAR H/L RHD LH WITH FDI 24V | E46: 1 | F46: AK0020 | J46: Hino FM8
J47: Hino FC9
J48: Hino FMA1
J49: 9016
J50: Bolero
J51: FJ1823R
J52: Tata Intra V20
J53: FEC91
J54: 2518
J55: Scania F310
J56: Scania P250
J57: 1918
J58: HINO XZU
J59: Scorpio D/C
J60: Scorpio S/C
J61: Yodha
J62: FG8
J63: Boss EIV
J64: Scania F360
J65: Scania P440
J66: Scania P440
J67: Scania F360
J68: Scania P440
J69: Scania P410
J70: Scania F360
